-- Add status column if it doesn't exist (for existing databases)
-- Run this first if upgrading: ALTER TABLE tmas ADD COLUMN status TEXT DEFAULT 'not_implemented' CHECK(status IN ('not_implemented', 'in_progress', 'complete'));

-- Insert all TMAs
INSERT INTO tmas (name, status) VALUES
  ('Abilene-Sweetwater', 'not_implemented'),
  ('Albany, GA', 'not_implemented'),
  ('Albany-Schenectady-Troy', 'not_implemented'),
  ('Albuquerque-Santa Fe', 'not_implemented'),
  ('Alexandria', 'not_implemented'),
  ('Alpena', 'not_implemented'),
  ('Amarillo', 'not_implemented'),
  ('Anchorage', 'not_implemented'),
  ('Atlanta', 'not_implemented'),
  ('Augusta-Aiken', 'not_implemented'),
  ('Austin', 'not_implemented'),
  ('Bakersfield', 'not_implemented'),
  ('Baltimore', 'not_implemented'),
  ('Bangor', 'not_implemented'),
  ('Baton Rouge', 'not_implemented'),
  ('Beaumont-Port Arthur', 'not_implemented'),
  ('Bend', 'not_implemented'),
  ('Billings', 'not_implemented'),
  ('Biloxi-Gulfport', 'not_implemented'),
  ('Binghamton', 'not_implemented'),
  ('Birmingham-Anniston-Tuscaloosa', 'not_implemented'),
  ('Bismarck-Minot-Dickinson-Williston', 'not_implemented'),
  ('Bluefield-Beckley-Oak Hill', 'not_implemented'),
  ('Boise', 'not_implemented'),
  ('Boston-Manchester', 'not_implemented'),
  ('Bowling Green', 'not_implemented'),
  ('Buffalo', 'not_implemented'),
  ('Burlington-Plattsburgh', 'not_implemented'),
  ('Butte-Bozeman', 'not_implemented'),
  ('Casper-Riverton', 'not_implemented'),
  ('Cedar Rapids-Waterloo-Iowa City-Dubuque', 'not_implemented'),
  ('Champaign-Springfield-Decatur', 'not_implemented'),
  ('Charleston, SC', 'not_implemented'),
  ('Charleston-Huntington', 'not_implemented'),
  ('Charlotte', 'not_implemented'),
  ('Charlottesville', 'not_implemented'),
  ('Chattanooga', 'not_implemented'),
  ('Cheyenne-Scottsbluff', 'not_implemented'),
  ('Chicago', 'not_implemented'),
  ('Chico-Redding', 'not_implemented'),
  ('Cincinnati', 'not_implemented'),
  ('Clarksburg-Weston', 'not_implemented'),
  ('Cleveland-Akron-Canton', 'not_implemented'),
  ('Colorado Springs-Pueblo', 'not_implemented'),
  ('Columbia, SC', 'not_implemented'),
  ('Columbia-Jefferson City', 'not_implemented'),
  ('Columbus, OH', 'not_implemented'),
  ('Columbus-Opelika', 'not_implemented'),
  ('Columbus-Tupelo-West Point-Houston', 'not_implemented'),
  ('Corpus Christi', 'not_implemented'),
  ('Dallas-Fort Worth', 'not_implemented'),
  ('Davenport-Rock Island-Moline', 'not_implemented'),
  ('Dayton', 'not_implemented'),
  ('Denver', 'not_implemented'),
  ('Des Moines-Ames', 'not_implemented'),
  ('Detroit', 'not_implemented'),
  ('Dothan', 'not_implemented'),
  ('Duluth-Superior', 'not_implemented'),
  ('El Paso-Las Cruces', 'not_implemented'),
  ('Elmira-Corning', 'not_implemented'),
  ('Erie', 'not_implemented'),
  ('Eugene', 'not_implemented'),
  ('Eureka', 'not_implemented'),
  ('Evansville', 'not_implemented'),
  ('Fairbanks', 'not_implemented'),
  ('Fargo-Valley City', 'not_implemented'),
  ('Flint-Saginaw-Bay City', 'not_implemented'),
  ('Fort Myers-Naples', 'not_implemented'),
  ('Fort Smith-Fayetteville-Springdale-Rogers', 'not_implemented'),
  ('Fort Wayne', 'not_implemented'),
  ('Fresno-Visalia', 'not_implemented'),
  ('Gainesville', 'not_implemented'),
  ('Glendive', 'not_implemented'),
  ('Grand Junction-Montrose', 'not_implemented'),
  ('Grand Rapids-Kalamazoo-Battle Creek', 'not_implemented'),
  ('Great Falls', 'not_implemented'),
  ('Green Bay-Appleton', 'not_implemented'),
  ('Greensboro-High Point-Winston Salem', 'not_implemented'),
  ('Greenville-New Bern-Washington', 'not_implemented'),
  ('Greenville-Spartanburg-Asheville-Anderson', 'not_implemented'),
  ('Greenwood-Greenville', 'not_implemented'),
  ('Harlingen-Weslaco-Brownsville-McAllen', 'not_implemented'),
  ('Harrisburg-Lancaster-Lebanon-York', 'not_implemented'),
  ('Harrisonburg', 'not_implemented'),
  ('Hartford-New Haven', 'not_implemented'),
  ('Hattiesburg-Laurel', 'not_implemented'),
  ('Helena', 'not_implemented'),
  ('Honolulu', 'not_implemented'),
  ('Houston', 'not_implemented'),
  ('Huntsville-Decatur-Florence', 'not_implemented'),
  ('Idaho Falls-Pocatello-Jackson', 'not_implemented'),
  ('Indianapolis', 'not_implemented'),
  ('Jackson, MS', 'not_implemented'),
  ('Jackson, TN', 'not_implemented'),
  ('Jacksonville', 'not_implemented'),
  ('Johnstown-Altoona-State College', 'not_implemented'),
  ('Jonesboro', 'not_implemented'),
  ('Joplin-Pittsburg', 'not_implemented'),
  ('Juneau', 'not_implemented'),
  ('Kansas City', 'not_implemented'),
  ('Knoxville', 'not_implemented'),
  ('La Crosse-Eau Claire', 'not_implemented'),
  ('Lafayette, IN', 'not_implemented'),
  ('Lafayette, LA', 'not_implemented'),
  ('Lake Charles', 'not_implemented'),
  ('Lansing', 'not_implemented'),
  ('Laredo', 'not_implemented'),
  ('Las Vegas', 'not_implemented'),
  ('Lexington', 'not_implemented'),
  ('Lima', 'not_implemented'),
  ('Lincoln-Hastings-Kearney', 'not_implemented'),
  ('Little Rock-Pine Bluff', 'not_implemented'),
  ('Los Angeles', 'not_implemented'),
  ('Louisville', 'not_implemented'),
  ('Lubbock', 'not_implemented'),
  ('Macon', 'not_implemented'),
  ('Madison', 'not_implemented'),
  ('Mankato', 'not_implemented'),
  ('Marquette', 'not_implemented'),
  ('Medford-Klamath Falls', 'not_implemented'),
  ('Memphis', 'not_implemented'),
  ('Meridian', 'not_implemented'),
  ('Miami-Fort Lauderdale', 'not_implemented'),
  ('Milwaukee', 'not_implemented'),
  ('Minneapolis-Saint Paul', 'not_implemented'),
  ('Missoula', 'not_implemented'),
  ('Mobile-Pensacola-Fort Walton Beach', 'not_implemented'),
  ('Monroe-El Dorado', 'not_implemented'),
  ('Monterey-Salinas', 'not_implemented'),
  ('Montgomery-Selma', 'not_implemented'),
  ('Myrtle Beach-Florence', 'not_implemented'),
  ('Nashville', 'not_implemented'),
  ('New Orleans', 'not_implemented'),
  ('New York', 'not_implemented'),
  ('Norfolk-Portsmouth-Newport News', 'not_implemented'),
  ('North Platte', 'not_implemented'),
  ('Odessa-Midland', 'not_implemented'),
  ('Oklahoma City', 'not_implemented'),
  ('Omaha', 'not_implemented'),
  ('Orlando-Daytona Beach-Melbourne', 'not_implemented'),
  ('Ottumwa-Kirksville', 'not_implemented'),
  ('Paducah-Cape Girardeau-Harrisburg', 'not_implemented'),
  ('Palm Springs', 'not_implemented'),
  ('Panama City', 'not_implemented'),
  ('Parkersburg', 'not_implemented'),
  ('Peoria-Bloomington', 'not_implemented'),
  ('Philadelphia', 'not_implemented'),
  ('Phoenix-Prescott', 'not_implemented'),
  ('Pittsburgh', 'not_implemented'),
  ('Portland, OR', 'not_implemented'),
  ('Portland-Auburn', 'not_implemented'),
  ('Presque Isle', 'not_implemented'),
  ('Providence-New Bedford', 'not_implemented'),
  ('Quincy-Hannibal-Keokuk', 'not_implemented'),
  ('Raleigh-Durham-Fayetteville', 'not_implemented'),
  ('Rapid City', 'not_implemented'),
  ('Reno', 'not_implemented'),
  ('Richmond-Petersburg', 'not_implemented'),
  ('Roanoke-Lynchburg', 'not_implemented'),
  ('Rochester, NY', 'not_implemented'),
  ('Rochester-Mason City-Austin', 'not_implemented'),
  ('Rockford', 'not_implemented'),
  ('Sacramento-Stockton-Modesto', 'not_implemented'),
  ('Saint Joseph', 'not_implemented'),
  ('Saint Louis', 'not_implemented'),
  ('Salisbury', 'not_implemented'),
  ('Salt Lake City', 'not_implemented'),
  ('San Angelo', 'not_implemented'),
  ('San Antonio', 'not_implemented'),
  ('San Diego', 'not_implemented'),
  ('San Francisco-Oakland-San Jose', 'not_implemented'),
  ('Santa Barbara-Santa Maria-San Luis Obispo', 'not_implemented'),
  ('Savannah', 'not_implemented'),
  ('Seattle-Tacoma', 'not_implemented'),
  ('Sherman-Ada', 'not_implemented'),
  ('Shreveport', 'not_implemented'),
  ('Sioux City', 'not_implemented'),
  ('Sioux Falls-Mitchell', 'not_implemented'),
  ('South Bend-Elkhart', 'not_implemented'),
  ('Spokane', 'not_implemented'),
  ('Springfield, MO', 'not_implemented'),
  ('Springfield-Holyoke', 'not_implemented'),
  ('Syracuse', 'not_implemented'),
  ('Tallahassee-Thomasville', 'not_implemented'),
  ('Tampa-St Petersburg-Sarasota', 'not_implemented'),
  ('Terre Haute', 'not_implemented'),
  ('Toledo', 'not_implemented'),
  ('Topeka', 'not_implemented'),
  ('Traverse City-Cadillac', 'not_implemented'),
  ('Tri-Cities', 'not_implemented'),
  ('Tucson-Sierra Vista', 'not_implemented'),
  ('Tulsa', 'not_implemented'),
  ('Twin Falls', 'not_implemented'),
  ('Tyler-Longview-Lufkin-Nacogdoches', 'not_implemented'),
  ('Utica', 'not_implemented'),
  ('Victoria', 'not_implemented'),
  ('Waco-Temple-Bryan', 'not_implemented'),
  ('Washington-Hagerstown', 'not_implemented'),
  ('Watertown', 'not_implemented'),
  ('Wausau-Rhinelander', 'not_implemented'),
  ('West Palm Beach-Fort Pierce', 'not_implemented'),
  ('Wheeling-Steubenville', 'not_implemented'),
  ('Wichita Falls-Lawton', 'not_implemented'),
  ('Wichita-Hutchinson Plus', 'not_implemented'),
  ('Wilkes Barre-Scranton-Hazleton', 'not_implemented'),
  ('Wilmington', 'not_implemented'),
  ('Yakima-Pasco-Richland-Kennewick', 'not_implemented'),
  ('Youngstown', 'not_implemented'),
  ('Yuma-El Centro', 'not_implemented'),
  ('Zanesville', 'not_implemented');
